{
    "benchmark_id": "benchmark_20250304_220438",
    "config": {
        "sim_time": 3600,
        "num_episodes": 500,
        "max_steps": 1000,
        "learning_rate": 0.0003,
        "gamma": 0.99,
        "epsilon_start": 1.0,
        "epsilon_end": 0.01,
        "epsilon_decay": 0.995,
        "buffer_size": 100000,
        "batch_size": 64,
        "target_update": 5,
        "eval_frequency": 20,
        "save_frequency": 25,
        "grid_size": 4,
        "max_cars": 30,
        "green_duration": 10,
        "yellow_duration": 3,
        "visualization": false,
        "device": "auto",
        "early_stopping_reward": 9999,
        "early_stopping_patience": 100,
        "checkpoint_dir": "checkpoints",
        "hidden_dim": 256,
        "weight_decay": 0.0001,
        "grad_clip": 1.0,
        "use_lr_scheduler": true,
        "lr_step_size": 100,
        "lr_decay": 0.5,
        "clip_rewards": true,
        "reward_scale": 0.1,
        "traffic_patterns": {
            "uniform": {
                "arrival_rate": 0.03,
                "variability": 0.01
            },
            "rush_hour": {
                "morning_peak": 0.33,
                "evening_peak": 0.71,
                "peak_intensity": 2.0,
                "base_arrival": 0.03
            },
            "weekend": {
                "midday_peak": 0.5,
                "peak_intensity": 1.5,
                "base_arrival": 0.02
            }
        },
        "advanced_options": {
            "prioritized_replay": true,
            "per_alpha": 0.6,
            "per_beta": 0.4,
            "dueling_network": true,
            "double_dqn": true
        },
        "random_seed": 42
    },
    "timestamp": "20250304_220438",
    "num_episodes": 10,
    "results": {
        "FixedTiming_uniform": {
            "agent": "FixedTiming",
            "traffic_pattern": "uniform",
            "avg_reward": 262140.6227172247,
            "std_reward": 18215.428350460235,
            "min_reward": 228681.46443107986,
            "max_reward": 297572.15465095046,
            "avg_waiting_time": 175.2474001508823,
            "avg_throughput": 10944529.639734603,
            "avg_density": 0.7267910026828011,
            "avg_steps": 1000.0,
            "elapsed_time": 4.575082063674927,
            "episodes": 10,
            "action_distribution": {
                "NS_Green": 51.0,
                "EW_Green": 49.0
            }
        },
        "FixedTiming_rush_hour": {
            "agent": "FixedTiming",
            "traffic_pattern": "rush_hour",
            "avg_reward": 31147.794070895987,
            "std_reward": 1255.9892416631433,
            "min_reward": 29049.254580005607,
            "max_reward": 33068.51356151309,
            "avg_waiting_time": 237.58444229080828,
            "avg_throughput": 8232909.974849477,
            "avg_density": 0.9730162387349605,
            "avg_steps": 1000.0,
            "elapsed_time": 4.3929901123046875,
            "episodes": 10,
            "action_distribution": {
                "NS_Green": 51.0,
                "EW_Green": 49.0
            }
        },
        "FixedTiming_weekend": {
            "agent": "FixedTiming",
            "traffic_pattern": "weekend",
            "avg_reward": 296203.01819630514,
            "std_reward": 1638.8446352675476,
            "min_reward": 293316.18905541446,
            "max_reward": 298325.08035766694,
            "avg_waiting_time": 149.4909453484012,
            "avg_throughput": 10740523.254152898,
            "avg_density": 0.7394812286826711,
            "avg_steps": 1000.0,
            "elapsed_time": 4.492823123931885,
            "episodes": 10,
            "action_distribution": {
                "NS_Green": 51.0,
                "EW_Green": 49.0
            }
        },
        "AdaptiveTiming_uniform": {
            "agent": "AdaptiveTiming",
            "traffic_pattern": "uniform",
            "avg_reward": 248331.3357808073,
            "std_reward": 14045.306916438203,
            "min_reward": 226493.7141830574,
            "max_reward": 277093.35090437625,
            "avg_waiting_time": 184.5562560773272,
            "avg_throughput": 10940006.174633173,
            "avg_density": 0.7735197867252106,
            "avg_steps": 1000.0,
            "elapsed_time": 4.51705002784729,
            "episodes": 10,
            "action_distribution": {
                "NS_Green": 48.85,
                "EW_Green": 51.15
            }
        },
        "AdaptiveTiming_rush_hour": {
            "agent": "AdaptiveTiming",
            "traffic_pattern": "rush_hour",
            "avg_reward": 59717.621255331986,
            "std_reward": 1526.1878343440032,
            "min_reward": 56253.048994640034,
            "max_reward": 61839.0419983125,
            "avg_waiting_time": 231.80901287440375,
            "avg_throughput": 8620905.835107427,
            "avg_density": 0.9598290233740338,
            "avg_steps": 1000.0,
            "elapsed_time": 4.328221082687378,
            "episodes": 10,
            "action_distribution": {
                "NS_Green": 48.99,
                "EW_Green": 51.01
            }
        },
        "AdaptiveTiming_weekend": {
            "agent": "AdaptiveTiming",
            "traffic_pattern": "weekend",
            "avg_reward": 234542.62545842733,
            "std_reward": 14491.832482651376,
            "min_reward": 218048.8528126333,
            "max_reward": 264832.6454537796,
            "avg_waiting_time": 162.96860837797269,
            "avg_throughput": 9929924.21893597,
            "avg_density": 0.7872488641684934,
            "avg_steps": 1000.0,
            "elapsed_time": 4.453319311141968,
            "episodes": 10,
            "action_distribution": {
                "NS_Green": 49.6,
                "EW_Green": 50.4
            }
        },
        "Random_uniform": {
            "agent": "Random",
            "traffic_pattern": "uniform",
            "avg_reward": 251697.89785308117,
            "std_reward": 55625.11710947997,
            "min_reward": 162410.99565846575,
            "max_reward": 346458.3773746677,
            "avg_waiting_time": 173.80413360406334,
            "avg_throughput": 10681128.911911216,
            "avg_density": 0.7154823886937163,
            "avg_steps": 1000.0,
            "elapsed_time": 4.6247899532318115,
            "episodes": 10,
            "action_distribution": {
                "NS_Green": 50.129999999999995,
                "EW_Green": 49.87
            }
        },
        "Random_rush_hour": {
            "agent": "Random",
            "traffic_pattern": "rush_hour",
            "avg_reward": 73914.20610588403,
            "std_reward": 42218.524265469496,
            "min_reward": 29371.209197558328,
            "max_reward": 160613.43595956932,
            "avg_waiting_time": 230.91582644858667,
            "avg_throughput": 8881686.144586239,
            "avg_density": 0.9508884755897172,
            "avg_steps": 1000.0,
            "elapsed_time": 4.610857009887695,
            "episodes": 10,
            "action_distribution": {
                "NS_Green": 50.07,
                "EW_Green": 49.93
            }
        },
        "Random_weekend": {
            "agent": "Random",
            "traffic_pattern": "weekend",
            "avg_reward": 237831.99882801677,
            "std_reward": 48914.654248138075,
            "min_reward": 154364.32295513415,
            "max_reward": 336851.4646089815,
            "avg_waiting_time": 165.40182065253455,
            "avg_throughput": 10096101.691316124,
            "avg_density": 0.7598978229305982,
            "avg_steps": 1000.0,
            "elapsed_time": 4.633310079574585,
            "episodes": 10,
            "action_distribution": {
                "NS_Green": 49.63,
                "EW_Green": 50.370000000000005
            }
        },
        "TrainedDQN_uniform": {
            "agent": "TrainedDQN",
            "traffic_pattern": "uniform",
            "avg_reward": 5159.1224164484365,
            "std_reward": 1576.0437126785127,
            "min_reward": 2311.843253166703,
            "max_reward": 7940.068410661577,
            "avg_waiting_time": 243.1710062385926,
            "avg_throughput": 8076160.887211223,
            "avg_density": 0.5092904770997798,
            "avg_steps": 1000.0,
            "elapsed_time": 11.24308180809021,
            "episodes": 10,
            "action_distribution": {
                "NS_Green": 0.0,
                "EW_Green": 100.0
            }
        },
        "TrainedDQN_rush_hour": {
            "agent": "TrainedDQN",
            "traffic_pattern": "rush_hour",
            "avg_reward": 256817.21234036452,
            "std_reward": 4084.7043533545902,
            "min_reward": 252200.87432168817,
            "max_reward": 264082.46368163923,
            "avg_waiting_time": 244.6211187242735,
            "avg_throughput": 13044582.666867478,
            "avg_density": 0.7900855569851468,
            "avg_steps": 1000.0,
            "elapsed_time": 11.286868810653687,
            "episodes": 10,
            "action_distribution": {
                "NS_Green": 0.0,
                "EW_Green": 100.0
            }
        },
        "TrainedDQN_weekend": {
            "agent": "TrainedDQN",
            "traffic_pattern": "weekend",
            "avg_reward": 64834.91353692664,
            "std_reward": 1676.2236108168845,
            "min_reward": 61852.40157482009,
            "max_reward": 67692.33161115619,
            "avg_waiting_time": 240.42093637765487,
            "avg_throughput": 9178712.148751337,
            "avg_density": 0.5110889966140179,
            "avg_steps": 1000.0,
            "elapsed_time": 11.310427904129028,
            "episodes": 10,
            "action_distribution": {
                "NS_Green": 0.0,
                "EW_Green": 100.0
            }
        }
    }
}